{"properties": [
  {
    "name": "cloudinary.api-secret",
    "type": "java.lang.String",
    "description": "A description for 'cloudinary.api-secret'"
  },
  {
    "name": "jwt.singerKey",
    "type": "java.lang.String",
    "description": "A description for 'jwt.singerKey'"
  },
  {
    "name": "cloudinary.cloud-name",
    "type": "java.lang.String",
    "description": "A description for 'cloudinary.cloud-name'"
  },
  {
    "name": "cloudinary.api-key",
    "type": "java.lang.String",
    "description": "A description for 'cloudinary.api-key'"
  },
  {
    "name": "jwt.singerKey",
    "type": "java.lang.String",
    "description": "A description for 'jwt.singerKey'"
  }
]}